<?xml version="1.0" encoding="UTF-8" ?>
<beans xmlns="http://www.springframework.org/schema/beans"
       xmlns:xsi="http://www.w3.org/2001/XMLSchema-instance"
       xmlns:context="http://www.springframework.org/schema/context"
       xmlns:talmud="http://www.talmud.org/schema/talmud"
       xsi:schemaLocation="http://www.springframework.org/schema/beans http://www.springframework.org/schema/beans/spring-beans.xsd

                          http://www.springframework.org/schema/context http://www.springframework.org/schema/context/spring-context.xsd
                          http://www.talmud.org/schema/talmud http://www.talmud.org/schema/talmud/talmud-spring.xsd">

    <!-- 占位符 -->
    <context:property-placeholder location="classpath:config.properties"/>
    <!-- 占位符不会继承, 必须在所有父子容器中各自配制 -->
    <talmud:property-placeholder config-manager-ref="configManager"/>
    <!-- 国际化 MessageSource -->
    <talmud:message-source id="messageSource" nls-bundle-manager-ref="nlsBundleManager"/>

    <!-- 泛型注入 -->
    <talmud:generic-inject/>
    <context:annotation-config/>

    <!-- 配置管理器 -->
    <talmud:jdbc-config-manager
            id="configManager"
            datasource-ref="dataSource"
            options-query="${query}"
            />
    <!-- 插件管理器 -->
    <talmud:plugin-manager id="pluginManager" config-manager-ref="configManager"/>
    <!-- 国际化管理器 -->
    <talmud:property-nls-bundle-manager id="nlsBundleManager" basename="messages" plugin-manager-ref="pluginManager" />
    <!-- 方法日志 -->
    <talmud:method-logging/>
    <!-- 图片验证码服务 -->
    <talmud:captcha-service />
    <talmud:talmud-filter id="talmud" config-manager-ref="configManager" nls-bundle-manager-ref="nlsBundleManager" />

    <!-- ==================== -->
    <context:component-scan base-package="${spkg}">
        <context:exclude-filter type="annotation" expression="org.springframework.stereotype.Controller"/>
    </context:component-scan>

    <import resource="classpath*:/etc/spring-embedded-db.xml"/>
    <!--
    <bean id="dataSource" class="com.mchange.v2.c3p0.ComboPooledDataSource" destroy-method="close">
        <property name="driverClass" value="${jdbc.driver}"/>
        <property name="jdbcUrl" value="${jdbc.url}"/>
        <property name="user" value="${jdbc.user}"/>
        <property name="password" value="${jdbc.password}"/>
        <property name="initialPoolSize" value="2"/>
        <property name="maxPoolSize" value="50"/>
        <property name="minPoolSize" value="2"/>
        <property name="acquireIncrement" value="5"/>
        <property name="checkoutTimeout" value="5000"/>
        <property name="idleConnectionTestPeriod" value="3000"/>
    </bean>
    -->
</beans>