<?xml version='1.0' encoding='utf-8'?>
<!DOCTYPE hibernate-configuration PUBLIC "-//Hibernate/Hibernate Configuration DTD//EN"
        "http://www.hibernate.org/dtd/hibernate-configuration-3.0.dtd">
<hibernate-configuration>
    <session-factory>
        <!-- MySQL 配置 [[ -->
        <!--
        <property name="connection.url">jdbc:mysql://192.168.125.131:3306/NOTHING_CRUD?useUnicode=true&amp;characterEncoding=UTF-8</property>
        <property name="connection.driver_class">com.mysql.jdbc.Driver</property>
        <property name="connection.username">root</property>
        <property name="connection.password">root</property>
        -->
        <!-- MySQL 配置 ]] -->

        <!-- Oracle 配置 [[ -->
        <!--
        <property name="connection.url">jdbc:oracle:thin:@192.168.125.131:1521:ORCL</property>
        <property name="connection.driver_class">oracle.jdbc.OracleDriver</property>
        <property name="connection.username">username</property>
        <property name="connection.password">password</property>
        -->
        <!-- Oracle 配置 ]] -->


        <property name="hibernate.hbm2ddl.auto">update</property>
        <!--<property name="current_session_context_class">thread</property>-->
        <!--<property name="current_session_context_class">org.springframework.orm.hibernate3.SpringSessionContext</property>-->
        <property name="hibernate.show_sql">true</property>
        <property name="hibernate.format_sql">true</property>
        <!--<property name="hibernate.ejb.naming_strategy">org.ponly.webbase.hbn.UpperCaseUnderscoreNamingStrategy</property>-->
        <!--<mapping package="" />-->
    </session-factory>
</hibernate-configuration>