<?xml version="1.0" encoding="UTF-8" ?>
<!DOCTYPE configuration PUBLIC "-//mybatis.org//DTD Config 3.0//EN" "http://mybatis.org/dtd/mybatis-3-config.dtd">
<configuration>
    <!-- <properties resource="config.properties"/> -->
    <settings>
        <setting name="jdbcTypeForNull" value="NULL"/>
        <setting name="mapUnderscoreToCamelCase" value="true"/>
        <!--
        <setting name="autoMappingBehavior" value="FULL"/>
        <setting name="lazyLoadingEnabled" value="true"/>
        <setting name="aggressiveLazyLoading" value="false"/>
        -->
    </settings>

    <!--
    <typeAliases>
        <package name="entity.package"/>
    </typeAliases>
    -->

    <typeHandlers>
        <!--
            对于 enum, mybatis 提供了以下两种转换器, 默认对所有都使用 EnumTypeHandler
            org.apache.ibatis.type.EnumTypeHandler
            org.apache.ibatis.type.EnumOrdinalTypeHandler
            以下为全局配置, 也可以在 resultMap 中指定 及 #{property,javaType=int,jdbcType=NUMERIC,typeHandler=MyTypeHandler}
            see http://mybatis.github.io/mybatis-3/zh/configuration.html#typeHandlers
        -->
        <!--
        <typeHandler handler="org.apache.ibatis.type.EnumOrdinalTypeHandler"
                     javaType="com.besture.noahs.entity.Storage$StorageType" />
        <typeHandler handler="org.apache.ibatis.type.EnumTypeHandler"
                     javaType="com.besture.noahs.entity." />
         -->
    </typeHandlers>

    <!--
    <plugins>
        <plugin interceptor="org.vacoor.muxpersistence.mbt.interceptor.MyBatisLocaleInterceptor"></plugin>
    </plugins>

    <environments default="default">
        <environment id="default">
            <transactionManager type="JDBC"/>
            <dataSource type="UNPOOLED">
                <property name="driver" value="${jdbc.driver}"/>
                <property name="url" value="${jdbc.url}"/>
                <property name="username" value="${jdbc.user}"/>
                <property name="password" value="${jdbc.password}"/>
            </dataSource>
        </environment>
    </environments>
    -->
    <!--
    与 spring 整合时会忽略以下配置,
    必须在 spring 中配置 org.apache.ibatis.mapping.VendorDatabaseIdProvider
    -->
    <!-- 3.2.3 之前为 VENDOR, 3.2.3 以后为 DB_VENDOR(兼容 VENDOR) see Configuration -->
    <!--
    <databaseIdProvider type="DB_VENDOR">
        <property name="org.vacoor.mux.demo.misc.Oracle" value="oracle" />
        <property name="MySQL" value="mysql" />
    </databaseIdProvider>
    -->

    <!--
    <mappers>
        <mapper resource="org/vacoor/mux/dao/SupportMapper.xml"/>
    </mappers>
    -->
</configuration>
