<?xml version="1.0" encoding="utf-8" ?>
<!--
  ~ Copyright (c) 2005, 2014 vacoor
  ~
  ~ Licensed under the Apache License, Version 2.0 (the "License");
  -->
<beans xmlns="http://www.springframework.org/schema/beans"
       xmlns:xsi="http://www.w3.org/2001/XMLSchema-instance"
       xmlns:mvc="http://www.springframework.org/schema/mvc"
       xmlns:util="http://www.springframework.org/schema/util"
       xmlns:context="http://www.springframework.org/schema/context" xmlns:ponly="http://www.ponly.org/schema/ponly"
       xsi:schemaLocation="http://www.springframework.org/schema/mvc http://www.springframework.org/schema/mvc/spring-mvc.xsd
                          http://www.springframework.org/schema/beans http://www.springframework.org/schema/beans/spring-beans.xsd
                          http://www.springframework.org/schema/util http://www.springframework.org/schema/util/spring-util.xsd
                          http://www.springframework.org/schema/context http://www.springframework.org/schema/context/spring-context.xsd http://www.ponly.org/schema/ponly http://www.ponly.org/schema/ponly/ponly-spring.xsd">

    <description>Spring MVC 配置</description>

    <!--<context:property-placeholder location="classpath:app-config.properties" />-->
    <ponly:property-placeholder config-manager-ref="configManager" />
    <context:annotation-config/>

    <ponly:generic-inject />
    <context:component-scan base-package="org.ponly.admin.controller"/>
    <context:component-scan base-package="org.talmud.support.controller" />

    <bean class="org.ponly.webbase.spring.web.handler.ResponseBodyHandlerMethodExceptionResolver">
        <property name="messageConverters" ref="jackson2HttpMessageConverter"/>
    </bean>

    <mvc:annotation-driven content-negotiation-manager="contentNegotiationManager">
        <mvc:argument-resolvers>
            <bean class="org.ponly.webbase.spring.web.bind.PageableHandlerMethodArgumentResolver">
                <property name="sortResolver">
                    <bean class="org.ponly.webbase.spring.web.bind.SortHandlerMethodArgumentResolver2"/>
                </property>
            </bean>
            <bean class="org.ponly.webbase.spring.web.bind.FiltersHandlerMethodArgumentResolver"/>
        </mvc:argument-resolvers>
        <mvc:message-converters>
            <ref bean="jackson2HttpMessageConverter"/>
        </mvc:message-converters>
    </mvc:annotation-driven>

    <bean id="contentNegotiationManager" class="org.springframework.web.accept.ContentNegotiationManagerFactoryBean">
        <property name="mediaTypes">
            <value>
                json=application/json
                xml=application/xml
            </value>
        </property>
    </bean>

    <!--
    <bean id="validator" class="org.springframework.validation.beanvalidation.LocalValidatorFactoryBean">
        <property name="providerClass" value="org.hibernate.validator.HibernateValidator"/>
        <property name="validationMessageSource" ref="messageSource"/>
    </bean>
    -->

    <bean id="jackson2HttpMessageConverter" class="org.springframework.http.converter.json.MappingJackson2HttpMessageConverter">
        <property name="supportedMediaTypes">
            <list>
                <value>application/json;charset=UTF-8</value>
                <value>application/*+json;charset=UTF-8</value>
                <value>text/html;charset=UTF-8</value>
            </list>
        </property>
        <property name="objectMapper">
            <bean class="org.springframework.http.converter.json.Jackson2ObjectMapperFactoryBean">
                <property name="failOnEmptyBeans" value="false"/>
                <property name="featuresToDisable">
                    <util:constant static-field="com.fasterxml.jackson.databind.DeserializationFeature.FAIL_ON_UNKNOWN_PROPERTIES" />
                </property>
            </bean>
        </property>
    </bean>

    <bean class="org.springframework.web.servlet.view.InternalResourceViewResolver">
        <property name="prefix" value="/WEB-INF/view/"/>
        <property name="suffix" value=".jsp"/>
    </bean>

    <!-- native language support -->
    <bean id="localeResolver" class="org.springframework.web.servlet.i18n.CookieLocaleResolver">
        <property name="cookieName" value="${locale.cookie_name}"/>
        <property name="defaultLocale" value="${locale.default_locale}"/>
    </bean>
    <mvc:interceptors>
        <bean id="localeChangeInterceptor" class="org.springframework.web.servlet.i18n.LocaleChangeInterceptor">
            <property name="paramName" value="${locale.param_name}"/>
        </bean>
    </mvc:interceptors>

    <!-- id 不能省略 -_-! -->
    <bean id="multipartResolver" class="org.springframework.web.multipart.commons.CommonsMultipartResolver">
        <!--one of the properties disabled; the maximum file size in bytes -->
        <!--<property name="maxUploadSize" value="2097152"/>-->
        <property name="defaultEncoding" value="UTF-8"/>
    </bean>

    <!-- 资源映射 -->
    <mvc:resources mapping="/favicon.ico" location="/"/>
    <mvc:resources mapping="/robots.txt" location="/"/>
    <mvc:resources mapping="/humans.txt" location="/"/>
    <mvc:resources mapping="/crossdomain.xml" location="/"/>
    <mvc:resources mapping="/images/**" location="/images/"/>
    <mvc:resources mapping="/img/**" location="/img/"/>
    <mvc:resources mapping="/css/**" location="/css/"/>
    <mvc:resources mapping="/js/**" location="/js/"/>
</beans>
