<?xml version="1.0" encoding="UTF-8"?>
<beans xmlns="http://www.springframework.org/schema/beans"
       xmlns:xsi="http://www.w3.org/2001/XMLSchema-instance"
       xmlns:cache="http://www.springframework.org/schema/cache"
       xsi:schemaLocation="http://www.springframework.org/schema/beans http://www.springframework.org/schema/beans/spring-beans.xsd
                           http://www.springframework.org/schema/cache http://www.springframework.org/schema/cache/spring-cache.xsd">

    <description>Spring Cache 配置</description>

    <!--<cache:annotation-driven cache-manager="defaultCacheManager" key-generator="defaultKeyGenerator"/>-->

    <!-- ehcache config -->
    <bean id="ehcacheMgr" class="org.springframework.cache.ehcache.EhCacheManagerFactoryBean">
        <property name="configLocation" value="classpath:ehcache.xml"/>
        <property name="shared" value="true"/>
    </bean>

    <bean id="spCacheMgr" class="org.springframework.cache.ehcache.EhCacheCacheManager">
        <property name="cacheManager" ref="ehcacheMgr"/>
    </bean>

    <!--<bean id="shiroCacheManager" class="org.apache.shiro"-->
    <cache:annotation-driven cache-manager="spCacheMgr"/>
</beans>