<?xml version="1.0" encoding="UTF-8"?>
<!--
  ~ Copyright (c) 2005, 2014 vacoor
  ~
  ~ Licensed under the Apache License, Version 2.0 (the "License");
  -->
<beans xmlns="http://www.springframework.org/schema/beans"
       xmlns:tx="http://www.springframework.org/schema/tx"
       xmlns:xsi="http://www.w3.org/2001/XMLSchema-instance"
       xsi:schemaLocation="http://www.springframework.org/schema/beans http://www.springframework.org/schema/beans/spring-beans.xsd
                          http://www.springframework.org/schema/tx http://www.springframework.org/schema/tx/spring-tx.xsd">

    <description>Spring Hibernate 整合配置</description>

    <!-- 主配置(导入该配置的文件中加载占位符和配置扫描后,这里就不用了
    <context:property-placeholder location="classpath:etc/config.properties"
                                  local-override="true"
                                  ignore-resource-not-found="true"
                                  ignore-unresolvable="true"/>
    -->

    <bean id="hbnSessionFactory" class="org.springframework.orm.hibernate3.annotation.AnnotationSessionFactoryBean">
        <property name="dataSource" ref="dataSource"/>
        <!-- current_session_context_class 只能是默认值 SpringSessionContext, 不能使用 thread -->
        <!--<property name="configLocation" value="classpath:/etc/hibernate.cfg.xml"/>-->
        <property name="packagesToScan">
            <array>
                <value>dao.package</value>
            </array>
        </property>
        <property name="hibernateProperties">
            <props>
                <prop key="hibernate.hbm2ddl.auto">update</prop>
                <prop key="hibernate.show_sql">true</prop>
                <prop key="hibernate.format_sql">true</prop>
                <prop key="javax.persistence.validation.group.pre-persist">org.talmud.common.validation.Groups$C
                </prop>
                <prop key="javax.persistence.validation.group.pre-update">org.talmud.common.validation.Groups$U
                </prop>
                <!--<prop key="javax.persistence.validation.group.pre-remove">org.vacoor.muxmon.validation.Groups$D</prop>-->
            </props>
        </property>
        <property name="eventListeners">
            <map>
                <entry key="pre-insert" value-ref="auditingListener"/>
                <entry key="pre-update" value-ref="auditingListener"/>
            </map>
        </property>
    </bean>

    <talmud:auditing-handler id="auditingHandler" auditor-aware-ref="audtingAware"/>
    <bean id="auditingListener" class="org.talmud.support.dao.support.hbn.listener.AuditingEventListener">
        <property name="auditingHandler" ref="auditingHandler"/>
    </bean>

    <!-- 事务管理 -->
    <bean id="hbnTxManager" class="org.springframework.orm.hibernate3.HibernateTransactionManager">
        <property name="sessionFactory" ref="hbnSessionFactory"/>
    </bean>

    <tx:annotation-driven transaction-manager="hbnTxManager"/>

    <!--
    <aop:aspectj-autoproxy />
    <tx:advice id="txManager" transaction-manager="mybatisTransactionManager">
        <tx:attributes>
            <tx:method name="save*" propagation="REQUIRED"/>
        </tx:attributes>
    </tx:advice>

    <aop:config>
        <aop:pointcut id="txPointcut" expression="execution(* org.vacoor.muxvice.support.*.*(..))" />
        <aop:advisor advice-ref="txManager" pointcut-ref="txPointcut" />
    </aop:config>
    -->
</beans>