<?xml version="1.0" encoding="UTF-8"?>
<beans xmlns="http://www.springframework.org/schema/beans"
       xmlns:xsi="http://www.w3.org/2001/XMLSchema-instance"
       xmlns:context="http://www.springframework.org/schema/context"
       xsi:schemaLocation="http://www.springframework.org/schema/beans http://www.springframework.org/schema/beans/spring-beans.xsd
                           http://www.springframework.org/schema/context http://www.springframework.org/schema/context/spring-context.xsd">

    <description>Spring JMS 整合配置</description>

    <context:property-placeholder location="classpath:config.properties"
                                  ignore-resource-not-found="true"
                                  ignore-unresolvable="true"/>

    <bean id="jmsConnectionFactory" class="org.apache.activemq.ActiveMQConnectionFactory">
        <property name="brokerURL" value="${jms.brokerUrl}"/>
    </bean>

    <!-- spring caching 连接工厂 -->
    <bean id="jmsCachingConnectionFactory" class="org.springframework.jms.connection.CachingConnectionFactory">
        <property name="targetConnectionFactory" ref="jmsConnectionFactory"/>
        <property name="sessionCacheSize" value="10"/>
    </bean>

    <!-- Queue定义 -->
    <bean id="notifyQueue" class="org.apache.activemq.command.ActiveMQQueue">
        <constructor-arg value="q.notify"/>
    </bean>

    <!-- Topic定义 -->
    <bean id="notifyTopic" class="org.apache.activemq.command.ActiveMQTopic">
        <constructor-arg value="t.notify"/>
    </bean>

    <!-- Spring JMS Template -->
    <bean id="jmsTemplate" class="org.springframework.jms.core.JmsTemplate">
        <property name="connectionFactory" ref="jmsCachingConnectionFactory"/>
    </bean>

    <!-- 使用Spring JmsTemplate的消息生产者 -->
    <bean id="notifyMessageProducer" class="org.talmud.web.jms.NotifyMessageProducer">
        <property name="jmsTemplate" ref="jmsTemplate"/>
        <property name="notifyQueue" ref="notifyQueue"/>
        <property name="notifyTopic" ref="notifyTopic"/>
    </bean>

    <!-- 异步接收Queue消息Container -->
    <bean id="queueContainer" class="org.springframework.jms.listener.DefaultMessageListenerContainer">
        <property name="connectionFactory" ref="jmsConnectionFactory"/>
        <property name="destination" ref="notifyQueue"/>
        <property name="messageListener" ref="notifyMessageListener"/>
        <property name="concurrentConsumers" value="10"/>
    </bean>

    <!-- 异步接收Topic消息Container -->
    <bean id="topicContainer" class="org.springframework.jms.listener.DefaultMessageListenerContainer">
        <property name="connectionFactory" ref="jmsConnectionFactory"/>
        <property name="destination" ref="notifyTopic"/>
        <property name="messageListener" ref="notifyMessageListener"/>
    </bean>

    <!-- 异步接收消息处理类 -->
    <bean id="notifyMessageListener" class="org.talmud.web.jms.NotifyMessageListener"/>
</beans>