<?xml version="1.0" encoding="UTF-8"?>
<beans xmlns="http://www.springframework.org/schema/beans"
       xmlns:xsi="http://www.w3.org/2001/XMLSchema-instance"
       xsi:schemaLocation="http://www.springframework.org/schema/beans http://www.springframework.org/schema/beans/spring-beans.xsd">

    <description>Spring Mail Configuration</description>

    <!-- 主配置(导入该配置的文件中加载占位符和配置扫描后,这里就不用了
    <servletContext:property-placeholder location="classpath:etc/config.properties"
                                  ignore-resource-not-found="true"
                                  ignore-unresolvable="true"/>

    <servletContext:component-scan base-package="org.vacoor.muxo.mail"/>
    -->

    <bean class="org.talmud.support.service.support.MailServiceImpl">
        <property name="fromMail" value="${mail.username}" />
        <property name="mailSender" ref="javaMailSender" />
        <property name="taskExecutor" ref="taskExecutor" />
    </bean>

    <bean id="taskExecutor" class="org.springframework.scheduling.concurrent.ThreadPoolTaskExecutor">
        <!-- 核心线程数 -->
        <property name="corePoolSize" value="5"/>
        <!-- 最大线程数  -->
        <property name="maxPoolSize" value="50"/>
        <!-- 最大队列数 -->
        <property name="queueCapacity" value="1000"/>
        <!-- 线程池维护线程所允许的空闲时间 -->
        <property name="keepAliveSeconds" value="60"/>
    </bean>

    <!-- freemarker configuration servletContext support -->
    <bean id="fmkConfiguration" class="org.springframework.ui.freemarker.FreeMarkerConfigurationFactoryBean">
        <property name="templateLoaderPath" value="${template.loader_path}"/>
        <property name="defaultEncoding" value="${template.encoding}"/>
        <property name="freemarkerSettings">
            <props>
                <!--<prop key="defaultEncoding">${template.encoding}</prop>-->
                <prop key="url_escaping_charset">UTF-8</prop>
                <!--<prop key="locale">${locale}</prop>-->
                <prop key="template_update_delay">${template.update_delay}</prop>
                <prop key="tag_syntax">auto_detect</prop>
                <prop key="whitespace_stripping">true</prop>
                <prop key="classic_compatible">true</prop>
                <prop key="number_format">${template.number_format}</prop>
                <prop key="boolean_format">${template.boolean_format}</prop>
                <prop key="datetime_format">${template.datetime_format}</prop>
                <prop key="date_format">${template.date_format}</prop>
                <prop key="time_format">${template.time_format}</prop>
                <prop key="object_wrapper">freemarker.ext.beans.BeansWrapper</prop>
            </props>
        </property>
    </bean>

    <!--
    <beans profile="develop">
    -->
        <bean id="javaMailSender" class="org.springframework.mail.javamail.JavaMailSenderImpl">
            <!-- SMTP 服务器地址和端口 -->
            <property name="host" value="${mail.host}"/>
            <property name="port" value="${mail.port}"/>

            <!-- SMTP 发送邮件的用户名和密码 -->
            <property name="username" value="${mail.username}"/>
            <property name="password" value="${mail.password}"/>
            <property name="defaultEncoding" value="UTF-8"/>

            <!-- java mail属性 -->
            <property name="javaMailProperties">
                <props>
                    <prop key="mail.smtp.from">${mail.username}</prop>
                    <prop key="mail.smtp.auth">${mail.smtp.auth}</prop>
                    <prop key="mail.smtp.timeout">${mail.smtp.timeout}</prop>
                    <!-- SSL连接配置 -->
                    <prop key="mail.smtp.starttls.enable">${mail.smtp.starttls.enable}</prop>
                    <!--
                    <prop key="mail.smtp.socketFactory.class">javax.net.ssl.SSLSocketFactory</prop>
                    -->
                </props>
            </property>
        </bean>
    <!--
    </beans>
    -->
</beans>
