<?xml version="1.0" encoding="UTF-8"?>
<!--
  ~ Copyright (c) 2005, 2014 vacoor
  ~
  ~ Licensed under the Apache License, Version 2.0 (the "License");
  -->
<beans xmlns="http://www.springframework.org/schema/beans"
       xmlns:xsi="http://www.w3.org/2001/XMLSchema-instance"
       xmlns:talmud="http://www.talmud.org/schema/talmud"
       xsi:schemaLocation="http://www.springframework.org/schema/beans http://www.springframework.org/schema/beans/spring-beans.xsd
                           http://www.talmud.org/schema/talmud http://www.talmud.org/schema/talmud/talmud-spring.xsd">

    <description>Spring Solr 整合配置(仅开发)</description>

    <talmud:embedded-solr-server id="solrServer" solr-home="classpath:solr" />
    <!--
    <bean class="org.vacoor.mux.shop.service.impl.SolrGoodsSearchServiceImpl">
        <property name="solrServer" ref="solrServer"/>
    </bean>
    <bean id="solrServer" class="org.apache.solr.client.solrj.impl.LBHttpSolrServer">
        <constructor-arg>
            <value>http://112.124.123.60:8080/solr/jiusu</value>
        </constructor-arg>
    </bean>
    <bean id="solrFilter" class="org.vacoor.mux.web.solr.DevelopSolrDispatchFilter">
        <property name="pathPrefix" value="/admin/solr" />
    </bean>
    <bean id="solrServer" class="org.vacoor.mux.web.solr.DevelopSolrServerFactoryBean">
        <property name="coreName" value="jiusu" />
    </bean>
    -->
</beans>