<?xml version="1.0" encoding="UTF-8"?>
<!--
  ~ Copyright (c) 2005, 2014 vacoor
  ~
  ~ Licensed under the Apache License, Version 2.0 (the "License");
  -->
<beans xmlns="http://www.springframework.org/schema/beans"
       xmlns:xsi="http://www.w3.org/2001/XMLSchema-instance"
       xmlns:context="http://www.springframework.org/schema/context"
       xsi:schemaLocation="http://www.springframework.org/schema/beans http://www.springframework.org/schema/beans/spring-beans.xsd
                           http://www.springframework.org/schema/context http://www.springframework.org/schema/context/spring-context.xsd">

    <description>Spring Shiro整合配置</description>

    <context:property-placeholder location="classpath:etc/security.properties"
                                  ignore-unresolvable="true"
                                  ignore-resource-not-found="true"/>

    <!-- 认证过滤器 -->
    <bean id="shiroAuthenticationFilter" class="org.ponly.shiro.filter.AuthenticationFilter"/>

    <!-- 用户过滤器 -->
    <bean id="shiroUserFilter" class="org.ponly.shiro.filter.HasUserFilter" />

    <!-- 登出过滤器 -->
    <bean id="shiroLogoutFilter" class="org.apache.shiro.web.filter.authc.LogoutFilter">
        <property name="redirectUrl" value="${security.shiro.logout.redirect_url}"/>
    </bean>


    <!-- 重复登录过滤器 -->
    <bean id="shiroSessionLimitFilter" class="org.ponly.shiro.filter.SessionTokenFilter">
        <property name="enabled" value="${security.shiro.session_filter.enable}"/>
        <property name="kickOutUrl" value="${security.shiro.session_filter.kick_out_url}"/>
        <property name="cacheManager" ref="shiroCacheManager"/>
    </bean>

    <!-- 强制登出过滤器 -->
    <bean id="shiroForceLogoutFilter" class="org.ponly.shiro.filter.ForceLogoutFilter">
        <property name="enabled" value="${security.shiro.force_logout_filter.enable}"/>
        <property name="forceLogoutUrl" value="${security.shiro.force_logout_filter.redirect_url}"/>
    </bean>

    <!-- 过滤器链管理器 -->
    <bean id="shiroFilterChainManager" class="org.ponly.shiro.filter.mgt.FilterDefinitionSourceFilterChainManager">
    </bean>

    <!-- shiro 核心过滤器 -->
    <!--<bean id="shiroFilter" class="org.apache.shiro.spring.web.ShiroFilterFactoryBean">-->
    <bean id="shiroFilter" class="org.ponly.shiro.spring.FilterDefinitionSourceShiroFilterFactoryBean">
        <property name="disableUrlSessionEncode" value="true" />
        <property name="securityManager" ref="shiroSecurityManager"/>
        <property name="filterChainManager" ref="shiroFilterChainManager"/>
        <property name="loginUrl" value="${security.shiro.login_url}"/>
        <property name="successUrl" value="${security.shiro.success_url}"/>
        <!-- redirect to unauthorizedUrl when hasText(unauthorizedUrl), otherwise sendError(401) -->
        <!-- <property name="unauthorizedUrl" value="${security.shiro.unauthorized.url}"/> -->
        <!-- override filter -->
        <property name="filters">
            <map>
                <entry key="authc" value-ref="shiroAuthenticationFilter"/>
                <entry key="logout" value-ref="shiroLogoutFilter"/>
                <entry key="user" value-ref="shiroUserFilter"/>
                <entry key="slf" value-ref="shiroSessionLimitFilter"/>
                <entry key="flf" value-ref="shiroForceLogoutFilter"/>
            </map>
        </property>
        <!-- permission filter -->
        <property name="filterChainDefinitions">
            <value>
                /*.html = anon
                /*.png = anon
                /*.ico = anon
                /*.txt = anon
                /*.xml = anon
                /js/** = anon
                /css/** = anon
                /img/** = anon
                /images/** = anon
                /console/** = anon
                /wdb/** = anon
                ${security.shiro.login_url} = authc
                ${security.shiro.logout.url} = logout
                /admin/** = flf,slf,user
            </value>
        </property>
    </bean>

    <!-- shiro security manager -->
    <bean id="shiroSecurityManager" class="org.apache.shiro.web.mgt.DefaultWebSecurityManager">
        <property name="realm" ref="shiroLockOutJdbcRealm"/>
        <!-- securityMananger 会自动传播到相应的sessionManager, realm, sessionDAO -->
        <property name="cacheManager" ref="shiroCacheManager"/>
        <!-- enable shiro native session -->
        <property name="sessionManager" ref="shiroSessionManager"/>
        <!-- 也可通过token设置? -->
        <!--<property name="rememberMeManager" ref="rememberMeManager" />-->
    </bean>

    <!-- shiro realm -->
    <bean id="shiroLockOutJdbcRealm" class="org.ponly.shiro.realm.LockOutJdbcRealm">
        <property name="permissionsLookupEnabled" value="true"/>
        <property name="retryLimit" value="${security.shiro.realm.retry_limit}"/>
        <property name="lockOutTime" value="${security.shiro.realm.lock_out_time}"/>
        <property name="authenticationQuery" value="${security.shiro.realm.authentication_query}"/>
        <property name="userRolesQuery" value="${security.shiro.realm.user_roles_query}"/>
        <property name="permissionsQuery" value="${security.shiro.realm.permissions_query}"/>
        <property name="updateLockSql" value="${security.shiro.realm.update_lock_sql}"/>
        <property name="credentialsMatcher">
            <!--<bean class="org.apache.shiro.authc.credential.HashedCredentialsMatcher" />-->
            <bean class="org.apache.shiro.authc.credential.PasswordMatcher">
                <property name="passwordService" ref="shiroPasswordService"/>
            </bean>
        </property>
        <property name="dataSource" ref="dataSource" />
    </bean>

    <!-- 密码服务 -->
    <bean id="shiroPasswordService" class="org.apache.shiro.authc.credential.DefaultPasswordService">
        <property name="hashService">
            <bean class="org.apache.shiro.crypto.hash.DefaultHashService">
                <!-- <property name="privateSalt" value="" /> -->
                <property name="generatePublicSalt" value="false"/>
                <property name="hashAlgorithmName" value="MD5"/>
                <property name="hashIterations" value="1"/>
            </bean>
        </property>
        <property name="hashFormat">
            <bean class="org.apache.shiro.crypto.hash.format.HexFormat"/>
        </property>
    </bean>


    <!-- native session manager -->
    <bean id="shiroSessionManager" class="org.apache.shiro.web.session.mgt.DefaultWebSessionManager">
        <property name="sessionDAO" ref="shiroSessionDAO"/>
        <property name="sessionIdCookieEnabled" value="true"/>
        <!--<property name="sessionIdCookie.basepath" value="${security.shiro.cookie.basepath}"/>-->
        <!--<property name="sessionIdCookie.name" value="${security.shiro.cookie.name}"/>-->
        <!--<property name="sessionFactory" value="" />-->
        <!--<property name="sessionValidationScheduler" />-->
    </bean>

    <!--
    <bean id="rememberMeManager" class="org.apache.shiro.web.mgt.CookieRememberMeManager">
        <property name="cookie">
            <bean class="org.apache.shiro.web.servlet.SimpleCookie">
                <property name="name">
                    <util:constant static-field="org.apache.shiro.web.mgt.CookieRememberMeManager.DEFAULT_REMEMBER_ME_COOKIE_NAME" />
                </property>
                <property name="httpOnly" value="true" />
                <property name="maxAge" value="300000" />
            </bean>
        </property>
    </bean>
    -->

    <!-- 会话验证调度器 -->
    <!--<bean id="sessionValidationScheduler" class="org.apache.shiro.session.mgt.quartz.QuartzSessionValidationScheduler">-->
    <!--
    <bean id="sessionValidationScheduler" class="org.apache.shiro.session.mgt.ExecutorServiceSessionValidationScheduler">
        <property name="interval" value="1800000"/>
        <property name="sessionManager" ref="shiroSessionManager"/>
    </bean>
    -->


    <bean id="shiroSessionDAO" class="org.apache.shiro.session.mgt.eis.EnterpriseCacheSessionDAO">
        <property name="activeSessionsCacheName" value="shiroActiveSessionCache"/>
    </bean>

    <bean id="shiroCacheManager" class="org.apache.shiro.cache.MemoryConstrainedCacheManager"/>
    <!-- 启用 shiro-ehcache -->
    <!--
    <bean id="shiroCacheManager" class="org.apache.shiro.conf.cache.ehcache.EhCacheManager">
        <property name="cacheManagerConfigFile" value="classpath:ehcache-shiro.xml"/>
    </bean>
    -->

    <!-- shiro 生命周期处理 -->
    <bean id="shiroLifecycleBeanPostProcessor" class="org.apache.shiro.spring.LifecycleBeanPostProcessor"/>

    <!-- 启用shiro 注解 -->
    <bean class="org.springframework.aop.framework.autoproxy.DefaultAdvisorAutoProxyCreator" depends-on="shiroLifecycleBeanPostProcessor"/>
    <bean class="org.apache.shiro.spring.security.interceptor.AuthorizationAttributeSourceAdvisor">
        <property name="securityManager" ref="shiroSecurityManager"/>
    </bean>
</beans>