<?xml version="1.0" encoding="UTF-8" ?>
<!--
  ~ Copyright (c) 2005, 2014 vacoor
  ~
  ~ Licensed under the Apache License, Version 2.0 (the "License");
  -->
<!DOCTYPE struts PUBLIC "-//Apache Software Foundation//DTD Struts Configuration 2.3//EN"
        "http://struts.apache.org/dtds/struts-2.3.dtd">

<struts>
    <constant name="struts.devMode" value="true"/>
    <constant name="struts.custom.i18n.resources" value="i18n"/>
    <!-- 浏览器是否缓存静态内容 -->
    <constant name="struts.serve.static.browserCache" value="true"/>
    <constant name="struts.multipart.maxSize" value="-1"/>
    <constant name="struts.ui.theme" value="simple"/>
    <constant name="struts.i18n.encoding" value="UTF-8"/>

    <constant name="struts.action.extension" value="action"/>

    <!-- struts2 convention plugin -->
    <constant name="struts.convention.result.path" value="/WEB-INF/jsp"/>
    <constant name="struts.convention.default.parent.package" value="nothing-default"/>
    <constant name="struts.convention.action.suffix" value="Action"/>
    <constant name="struts.convention.package.locators" value="web"/>
    <constant name="struts.convention.package.locators.basePackage" value="org.vacoor.mux.web"/>
    <!--
     <constant name="struts.convention.action.packages" qualifier="org.vacoor.mux.web.struts2.action" />
     -->

    <package name="nothing-default" extends="convention-default">
        <interceptors>
            <interceptor-stack name="nothing-default-Stack">
                <!-- 基于paramsPrepareParamsStack 增加 store 拦截器保证,redirect后actionMessage不会丢失 -->
                <interceptor-ref name="store">
                    <param name="operationMode">AUTOMATIC</param>
                </interceptor-ref>
                <interceptor-ref name="paramsPrepareParamsStack"/>
                <!--
                    <interceptor-ref name="defaultStack" />
                    -->
            </interceptor-stack>
        </interceptors>

        <default-interceptor-ref name="nothing-default-Stack"/>


        <!-- 未找到action 处理 -->
        <default-action-ref name="errorPage"/>
        <action name="errorPage">
            <result type="redirect">/html/error_page_404.html</result>
        </action>
    </package>
</struts>
