<?xml version="1.0" encoding="UTF-8" ?>
<schema name="example" version="1.5">

    <fields>
        <field name="id" type="string" indexed="true" stored="true" required="true"/>
        <field name="title" type="text_general" indexed="true" stored="true"/>
        <field name="image" type="string" indexed="false" stored="true"/>

        <!-- core -->
        <field name="cat" type="string" indexed="true" stored="true" multiValued="true"/>
        <dynamicField name="cat_*" type="string" indexed="true" stored="true"/>
        <field name="brand" type="string" indexed="true" stored="true"/>
        <field name="brandName" type="string" indexed="true" stored="true"/>
        <field name="price" type="double" indexed="true" stored="true"/>
        <field name="sales" type="long" indexed="true" stored="true"/>
        <field name="props" type="string" indexed="true" stored="true" multiValued="true"/>
        <dynamicField name="prop_*" type="string" indexed="true" stored="true"/>
        <dynamicField name="prop_v_*" type="string" indexed="true" stored="true"/>

        <!-- extra -->
        <field name="marketPrice" type="double" indexed="false" stored="true"/>
        <field name="putawayDate" type="date" indexed="true" stored="false"/>
        <!--<field name="pool" type="string" indexed="true" stored="false"/>-->
        <field name="pool" type="string" indexed="true" stored="true"/>
        <field name="model" type="string" indexed="true" stored="true" multiValued="true"/>
        <dynamicField name="model_*" type="string" indexed="true" stored="true"/>

        <field name="_version_" type="long" indexed="true" stored="true"/>
        <!-- default field for search handler.df -->
        <field name="text" type="text_general" indexed="true" stored="false" multiValued="true"/>
    </fields>
    <uniqueKey>id</uniqueKey>
    <copyField source="title" dest="text"/>
    <types>
        <fieldType name="string" class="solr.StrField" sortMissingLast="true"/>

        <!-- boolean type: "true" or "false" -->
        <fieldType name="boolean" class="solr.BoolField" sortMissingLast="true"/>

        <fieldType name="int" class="solr.TrieIntField" precisionStep="0" positionIncrementGap="0"/>
        <fieldType name="float" class="solr.TrieFloatField" precisionStep="0" positionIncrementGap="0"/>
        <fieldType name="long" class="solr.TrieLongField" precisionStep="0" positionIncrementGap="0"/>
        <fieldType name="double" class="solr.TrieDoubleField" precisionStep="0" positionIncrementGap="0"/>

        <fieldType name="tint" class="solr.TrieIntField"
                   precisionStep="8" positionIncrementGap="0"/>
        <fieldType name="tfloat" class="solr.TrieFloatField"
                   precisionStep="8" positionIncrementGap="0"/>
        <fieldType name="tlong" class="solr.TrieLongField"
                   precisionStep="8" positionIncrementGap="0"/>
        <fieldType name="tdouble" class="solr.TrieDoubleField"
                   precisionStep="8" positionIncrementGap="0"/>

        <fieldType name="date" class="solr.TrieDateField"
                   precisionStep="0" positionIncrementGap="0"/>
        <fieldType name="tdate" class="solr.TrieDateField"
                   precisionStep="6" positionIncrementGap="0"/>

        <fieldtype name="binary" class="solr.BinaryField"/>
        <fieldType name="pint" class="solr.IntField"/>
        <fieldType name="plong" class="solr.LongField"/>
        <fieldType name="pfloat" class="solr.FloatField"/>
        <fieldType name="pdouble" class="solr.DoubleField"/>
        <fieldType name="pdate" class="solr.DateField"
                   sortMissingLast="true"/>
        <fieldType name="random" class="solr.RandomSortField"
                   indexed="true"/>


        <fieldType name="text_ws" class="solr.TextField"
                   positionIncrementGap="100">
            <analyzer>
                <tokenizer class="solr.WhitespaceTokenizerFactory"/>
            </analyzer>
        </fieldType>

        <fieldType name="text_general" class="solr.TextField" positionIncrementGap="100">
            <analyzer type="index">
                <tokenizer class="solr.StandardTokenizerFactory"/>
                <filter class="solr.LowerCaseFilterFactory"/>
            </analyzer>
            <analyzer type="query">
                <tokenizer class="solr.StandardTokenizerFactory"/>
                <filter class="solr.LowerCaseFilterFactory"/>
            </analyzer>
        </fieldType>


        <!-- CJK bigram (see text_ja for decode Japanese configuration using morphological
            analysis) -->
        <fieldType name="text_cjk" class="solr.TextField"
                   positionIncrementGap="100">
            <analyzer>
                <tokenizer class="solr.StandardTokenizerFactory"/>
                <!-- normalize width before bigram, as e.g. half-width dakuten combine -->
                <filter class="solr.CJKWidthFilterFactory"/>
                <!-- for any non-CJK -->
                <filter class="solr.LowerCaseFilterFactory"/>
                <filter class="solr.CJKBigramFilterFactory"/>
            </analyzer>
        </fieldType>

    </types>
</schema>
