<?xml version="1.0" encoding="UTF-8" ?>
<solr>
    <cores adminPath="/admin/cores" defaultCoreName="jiusu" host="0.0.0.0" hostContext="solr">
        <core name="demo" instanceDir="demo" />
    </cores>
    <!--
    <solrcloud>
        <str name="host">${host:}</str>
        <int name="hostPort">${jetty.port:8983}</int>
        <str name="hostContext">${hostContext:solr}</str>
        <int name="zkClientTimeout">${zkClientTimeout:30000}</int>
        <bool name="genericCoreNodeNames">${genericCoreNodeNames:true}</bool>
    </solrcloud>
    -->
    <shardHandlerFactory name="shardHandlerFactory" class="HttpShardHandlerFactory">
        <int name="socketTimeout">${socketTimeout:0}</int>
        <int name="connTimeout">${connTimeout:0}</int>
    </shardHandlerFactory>
</solr>
